title,updateTimestamp,content,relatedStocks,relatedInfos,date,trade_date
分析师：过度看跌可能反而促成了日元的飙升,2024-07-12 09:25:58,格隆汇7月12日｜有分析师表示，在日元周四跳升之前，对冲基金和其他大型投机客重新设置了在4月底遭受重创的过度空头头寸，为日元下跌做好了准备。这意味着空头回补可能在日元隔夜飙升中发挥了重要作用，甚至有一种可能性(可能是非常小的可能性)是胆小的交易员替财务省做了其工作。据最新的CFTC数据，在截至7月2日的一周内，押注日元兑美元将下跌的名义价值达到约145亿美元。这与4月底的水平一致，是自2017年以来最大的日元空头，当时美联储正处于加息周期的中期。也许145亿美元的水平应该被添加到交易者的剧本中，作为美元兑日元走向悬崖的潜在信号。,JPY,,2024-07-12 01:25:58,20240713
神田真人：有关当局将在必要时对日元采取行动 ,2024-07-12 10:06:21,格隆汇7月12日｜日本财务省副大臣神田真人周五拒绝就当局是否干预汇市以支撑日元置评，但他对记者表示，日元近期走势与基本面不符。他就汇率走势发表的言论打破了日本官员最近的沉默。神田真人称：“从是否符合基本面的角度来看，我发现最近汇率的大幅波动很奇怪，如果由投机驱动的过度波动推高了进口价格，并对人们的生活产生负面影响，那将是非常令人担忧的。”他补充称，“在浮动汇率制市场，汇市干预肯定是罕见的，但我们需要对过度波动或无序波动做出适当反应。”与此同时，日经新闻援引几位消息人士的话报道称，日本央行周五对银行进行了欧元兑日元汇率的检查。而对于日本政府周四是否干预汇市，外汇分析师意见不一。三菱日联首席外汇策略师Daisaku Ueno认为，日元大涨是由弱于预期的美国CPI数据引发的止损所致，因日元空头仓位非常紧张。,JPY,,2024-07-12 02:06:21,20240713
分析师：日元虽突然飙升 但疲势尚未打破,2024-07-12 12:59:38,格隆汇7月12日｜有分析师表示，尽管美元/日元在过去14个小时内大幅波动，美国收益率也大幅下滑（同时股市也走弱），但美元/日元甚至还未能突破2024年的陡峭上升趋势线，这对日元的长期前景来说相当令人担忧。当然，周五晚间发布的另一份美国数据似乎是日本进行干预的绝佳机会，可为踉跄的美元/日元提供致命一击。如果这与美国收益率下降相吻合，并给鲍威尔在周一确认9月降息的机会，那么美元/日元很可能在下个月晚些时候重返150的水平。,JPY,,2024-07-12 04:59:38,20240713
分析师：日元的回涨料减轻日本央行收紧政策的压力,2024-07-12 14:13:34,格隆汇7月12日丨据几位分析师称，周四对日本干预的强烈质疑可能会减轻央行在本月底大举收紧货币政策的压力。他们表示，如果日本央行在宣布减少债券购买量的同时提高利率，其行动可能会被视为受波动的日元驱动，而不是其稳定物价的使命。分析师们还表示，低于预期的美国通胀数据支撑了美联储降息和美元走软的理由，这提振了日元。日本央行行长植田和男上月表示，近期日元走软是导致通胀超调的因素之一，他正在密切关注日元走势。但央行观察人士说，决策者可能不希望被视为被迫采取行动提振日元，因为这可能会让人质疑他们的独立性。瑞穗证券首席策略师shoki Omori表示，日本财务省可能已经干预了货币市场，“因为它认为日本央行本月实施双重紧缩政策的可能性很低，即既减少债券购买又提高利率。”,JPY,,2024-07-12 06:13:34,20240713
日本当局料将难以抑制美元/日元上涨,2024-07-12 16:59:26,格隆汇7月12日｜因为技术面和基本面因素的综合作用可能会导致美元/日元在短期内反弹至160以上，日本当局在抑制美元/日元上涨方面面临困难。大多数东京交易员确信，在疲软的美国CPI数据公布后，日本财务省下令进行了新一轮外汇干预。但现在，大多数人心中的问题是，如果最新的干预举措的影响被证明是短暂的，日本当局是否还会采取后续行动。,JPY,,2024-07-12 08:59:26,20240713
外汇投机者对日元更加谨慎,2024-07-12 17:57:12,格隆汇7月12日｜美元/日元周四暴跌400点，媒体将此归因于日本干预（买入日元）。外汇投机者在做空日元时可能会更加谨慎。周四日元升值对外汇头寸的影响将在北京时间下周六（7月20日）03:30公布的CFTC周度持仓报告中揭晓。而本周六公布的CFTC周度持仓报告将显示日元净空头是否在美国CPI数据之前连续第五周增加。,JPY,,2024-07-12 09:57:12,20240713
,2024-07-12 20:12:34,格隆汇7月12日｜美元兑日元短线一度下跌40余点，最低至158.51，现回升至158.79。,JPY,,2024-07-12 12:12:34,20240713
,2024-07-12 21:12:00,格隆汇7月12日｜美元兑日元USD/JPY短线下挫逾120点，最低至157.60。,JPY,,2024-07-12 13:12:00,20240713
分析师：没有那么大的信心认为日本政府进行了干预,2024-07-12 22:20:50,格隆汇7月12日｜伦敦大和资本市场经济研究主管Chris Scicluna表示，“这可能是日本政府又一轮适度的干预。我没有像昨天那样有信心，因为当时日元的涨幅要大得多。考虑到周一是日本的法定假日，对日本当局来说，今晚不是一个糟糕的干预时机。但这不是迄今为止日元最大的一次波动，所以我不会过于自信。”,JPY,,2024-07-12 14:20:50,20240713
日本财务省副大臣神田真人：不透露是否干预了汇市,2024-07-12 23:05:52,格隆汇7月12日｜日本财务省副大臣神田真人表示，不透露是否干预了汇市；许多人认为，日元汇率呈现出单边行情，与基本面并不匹配；相比美元兑日元，某些货币对的波动更加剧烈。,JPY,,2024-07-12 15:05:52,20240713
本周彭博美元指数跌超0.8%，日元涨超1.8%站上158,2024-07-13 06:31:24,格隆汇7月13日｜周五（7月12日）纽约尾盘，ICE美元指数下跌0.34%，报104.084点，本周累计下跌0.75%，整体交投区间为105.208-104.041点，美国6月CPI数据发布时曾显著跳水。彭博美元指数跌0.34%，报1586.72点，本周累跌0.85%。亚洲货币中，美元兑日元跌0.64%，报157.82日元，本周累跌1.82%，交投区间为161.81-157.38日元。欧元兑日元跌0.28%，报172.15日元，本周累跌1.18%；英镑兑日元跌0.03%，报205.068日元，本周累跌0.46%。,JPY,,2024-07-12 22:31:24,20240713
